相対パス,ファイル名,ポケモン名,姿違い,元画像,行,列,登録108種対象,識別注記,同じポケモン・姿の画像数
IMG_1381/IMG_1381_02-01.webp,IMG_1381_02-01.webp,キテルグマ,通常,IMG_1381.png,2,1,対象外,画像を目視識別,2
IMG_1381/IMG_1381_02-02.webp,IMG_1381_02-02.webp,キュワワー,通常,IMG_1381.png,2,2,対象外,画像を目視識別,2
IMG_1381/IMG_1381_02-03.webp,IMG_1381_02-03.webp,トゲデマル,通常,IMG_1381.png,2,3,対象外,画像を目視識別,2
IMG_1381/IMG_1381_02-04.webp,IMG_1381_02-04.webp,ミミッキュ,通常,IMG_1381.png,2,4,対象外,画像を目視識別,2
IMG_1381/IMG_1381_02-05.webp,IMG_1381_02-05.webp,ジジーロン,通常,IMG_1381.png,2,5,対象外,画像を目視識別,2
IMG_1381/IMG_1381_03-01.webp,IMG_1381_03-01.webp,ウッウ,通常,IMG_1381.png,3,1,対象外,画像を目視識別,2
IMG_1381/IMG_1381_03-02.webp,IMG_1381_03-02.webp,エレズン,通常,IMG_1381.png,3,2,対象外,画像を目視識別,2
IMG_1381/IMG_1381_03-03.webp,IMG_1381_03-03.webp,ストリンダー,ハイなすがた,IMG_1381.png,3,3,対象外,画像を目視識別,2
IMG_1381/IMG_1381_03-04.webp,IMG_1381_03-04.webp,ストリンダー,ローなすがた,IMG_1381.png,3,4,対象外,画像を目視識別,2
IMG_1381/IMG_1381_03-05.webp,IMG_1381_03-05.webp,ニャオハ,通常,IMG_1381.png,3,5,対象外,画像を目視識別,2
IMG_1381/IMG_1381_04-01.webp,IMG_1381_04-01.webp,ニャローテ,通常,IMG_1381.png,4,1,対象外,画像を目視識別,2
IMG_1381/IMG_1381_04-02.webp,IMG_1381_04-02.webp,マスカーニャ,通常,IMG_1381.png,4,2,対象外,画像を目視識別,2
IMG_1381/IMG_1381_04-03.webp,IMG_1381_04-03.webp,ホゲータ,通常,IMG_1381.png,4,3,対象外,画像を目視識別,2
IMG_1381/IMG_1381_04-04.webp,IMG_1381_04-04.webp,アチゲータ,通常,IMG_1381.png,4,4,対象外,画像を目視識別,2
IMG_1381/IMG_1381_04-05.webp,IMG_1381_04-05.webp,ラウドボーン,通常,IMG_1381.png,4,5,対象外,画像を目視識別,2
IMG_1381/IMG_1381_05-01.webp,IMG_1381_05-01.webp,クワッス,通常,IMG_1381.png,5,1,対象外,画像を目視識別,2
IMG_1381/IMG_1381_05-02.webp,IMG_1381_05-02.webp,ウェルカモ,通常,IMG_1381.png,5,2,対象外,画像を目視識別,2
IMG_1381/IMG_1381_05-03.webp,IMG_1381_05-03.webp,ウェーニバル,通常,IMG_1381.png,5,3,対象外,画像を目視識別,2
IMG_1381/IMG_1381_05-04.webp,IMG_1381_05-04.webp,パモ,通常,IMG_1381.png,5,4,対象外,画像を目視識別,2
IMG_1381/IMG_1381_05-05.webp,IMG_1381_05-05.webp,パモット,通常,IMG_1381.png,5,5,対象外,画像を目視識別,2
IMG_1381/IMG_1381_06-01.webp,IMG_1381_06-01.webp,パーモット,通常,IMG_1381.png,6,1,対象外,画像を目視識別,2
IMG_1381/IMG_1381_06-02.webp,IMG_1381_06-02.webp,カヌチャン,通常,IMG_1381.png,6,2,対象外,画像を目視識別,2
IMG_1381/IMG_1381_06-03.webp,IMG_1381_06-03.webp,ナカヌチャン,通常,IMG_1381.png,6,3,対象外,画像を目視識別,2
IMG_1381/IMG_1381_06-04.webp,IMG_1381_06-04.webp,デカヌチャン,通常,IMG_1381.png,6,4,対象外,画像を目視識別,2
IMG_1381/IMG_1381_06-05.webp,IMG_1381_06-05.webp,アルクジラ,通常,IMG_1381.png,6,5,対象外,画像を目視識別,2
IMG_1382/IMG_1382_01-01.webp,IMG_1382_01-01.webp,キテルグマ,通常,IMG_1382.png,1,1,対象外,画像を目視識別,2
IMG_1382/IMG_1382_01-02.webp,IMG_1382_01-02.webp,キュワワー,通常,IMG_1382.png,1,2,対象外,画像を目視識別,2
IMG_1382/IMG_1382_01-03.webp,IMG_1382_01-03.webp,トゲデマル,通常,IMG_1382.png,1,3,対象外,画像を目視識別,2
IMG_1382/IMG_1382_01-04.webp,IMG_1382_01-04.webp,ミミッキュ,通常,IMG_1382.png,1,4,対象外,画像を目視識別,2
IMG_1382/IMG_1382_01-05.webp,IMG_1382_01-05.webp,ジジーロン,通常,IMG_1382.png,1,5,対象外,画像を目視識別,2
IMG_1382/IMG_1382_02-01.webp,IMG_1382_02-01.webp,ウッウ,通常,IMG_1382.png,2,1,対象外,画像を目視識別,2
IMG_1382/IMG_1382_02-02.webp,IMG_1382_02-02.webp,エレズン,通常,IMG_1382.png,2,2,対象外,画像を目視識別,2
IMG_1382/IMG_1382_02-03.webp,IMG_1382_02-03.webp,ストリンダー,ハイなすがた,IMG_1382.png,2,3,対象外,画像を目視識別,2
IMG_1382/IMG_1382_02-04.webp,IMG_1382_02-04.webp,ストリンダー,ローなすがた,IMG_1382.png,2,4,対象外,画像を目視識別,2
IMG_1382/IMG_1382_02-05.webp,IMG_1382_02-05.webp,ニャオハ,通常,IMG_1382.png,2,5,対象外,画像を目視識別,2
IMG_1382/IMG_1382_03-01.webp,IMG_1382_03-01.webp,ニャローテ,通常,IMG_1382.png,3,1,対象外,画像を目視識別,2
IMG_1382/IMG_1382_03-02.webp,IMG_1382_03-02.webp,マスカーニャ,通常,IMG_1382.png,3,2,対象外,画像を目視識別,2
IMG_1382/IMG_1382_03-03.webp,IMG_1382_03-03.webp,ホゲータ,通常,IMG_1382.png,3,3,対象外,画像を目視識別,2
IMG_1382/IMG_1382_03-04.webp,IMG_1382_03-04.webp,アチゲータ,通常,IMG_1382.png,3,4,対象外,画像を目視識別,2
IMG_1382/IMG_1382_03-05.webp,IMG_1382_03-05.webp,ラウドボーン,通常,IMG_1382.png,3,5,対象外,画像を目視識別,2
IMG_1382/IMG_1382_04-01.webp,IMG_1382_04-01.webp,クワッス,通常,IMG_1382.png,4,1,対象外,画像を目視識別,2
IMG_1382/IMG_1382_04-02.webp,IMG_1382_04-02.webp,ウェルカモ,通常,IMG_1382.png,4,2,対象外,画像を目視識別,2
IMG_1382/IMG_1382_04-03.webp,IMG_1382_04-03.webp,ウェーニバル,通常,IMG_1382.png,4,3,対象外,画像を目視識別,2
IMG_1382/IMG_1382_04-04.webp,IMG_1382_04-04.webp,パモ,通常,IMG_1382.png,4,4,対象外,画像を目視識別,2
IMG_1382/IMG_1382_04-05.webp,IMG_1382_04-05.webp,パモット,通常,IMG_1382.png,4,5,対象外,画像を目視識別,2
IMG_1382/IMG_1382_05-01.webp,IMG_1382_05-01.webp,パーモット,通常,IMG_1382.png,5,1,対象外,画像を目視識別,2
IMG_1382/IMG_1382_05-02.webp,IMG_1382_05-02.webp,カヌチャン,通常,IMG_1382.png,5,2,対象外,画像を目視識別,2
IMG_1382/IMG_1382_05-03.webp,IMG_1382_05-03.webp,ナカヌチャン,通常,IMG_1382.png,5,3,対象外,画像を目視識別,2
IMG_1382/IMG_1382_05-04.webp,IMG_1382_05-04.webp,デカヌチャン,通常,IMG_1382.png,5,4,対象外,画像を目視識別,2
IMG_1382/IMG_1382_05-05.webp,IMG_1382_05-05.webp,アルクジラ,通常,IMG_1382.png,5,5,対象外,画像を目視識別,2
