登録番号,ポケモン名,確認結果,通常画像数,姿違い画像数,同じ姿の重複数,推奨ファイル,全ファイル
1,フシギダネ,あり,1,0,0,IMG_1372/01_フシギダネ_顔.webp,IMG_1372/01_フシギダネ_顔.webp
2,フシギソウ,あり,1,0,0,IMG_1372/02_フシギソウ_顔.webp,IMG_1372/02_フシギソウ_顔.webp
3,フシギバナ,あり,1,0,0,IMG_1372/03_フシギバナ_顔.webp,IMG_1372/03_フシギバナ_顔.webp
4,ヒトカゲ,あり,1,0,0,IMG_1372/04_ヒトカゲ_顔.webp,IMG_1372/04_ヒトカゲ_顔.webp
5,リザード,あり,1,0,0,IMG_1372/05_リザード_顔.webp,IMG_1372/05_リザード_顔.webp
6,リザードン,あり,1,0,0,IMG_1372/06_リザードン_顔.webp,IMG_1372/06_リザードン_顔.webp
7,ゼニガメ,あり,1,0,0,IMG_1372/07_ゼニガメ_顔.webp,IMG_1372/07_ゼニガメ_顔.webp
8,カメール,あり,1,0,0,IMG_1372/08_カメール_顔.webp,IMG_1372/08_カメール_顔.webp
9,カメックス,あり,1,0,0,IMG_1372/09_カメックス_顔.webp,IMG_1372/09_カメックス_顔.webp
10,キャタピー,あり,1,0,0,IMG_1372/10_キャタピー_顔.webp,IMG_1372/10_キャタピー_顔.webp
11,トランセル,あり,1,0,0,IMG_1372/11_トランセル_顔.webp,IMG_1372/11_トランセル_顔.webp
12,バタフリー,あり,1,0,0,IMG_1372/12_バタフリー_顔.webp,IMG_1372/12_バタフリー_顔.webp
13,コラッタ,あり,1,0,0,IMG_1372/13_コラッタ_顔.webp,IMG_1372/13_コラッタ_顔.webp
14,ラッタ,あり,1,0,0,IMG_1372/14_ラッタ_顔.webp,IMG_1372/14_ラッタ_顔.webp
15,アーボ,あり,1,0,0,IMG_1372/15_アーボ_顔.webp,IMG_1372/15_アーボ_顔.webp
16,アーボック,あり,1,0,0,IMG_1372/16_アーボック_顔.webp,IMG_1372/16_アーボック_顔.webp
17,ピカチュウ,あり,1,4,0,IMG_1372/17_ピカチュウ_顔.webp,IMG_1372/17_ピカチュウ_顔.webp;IMG_1372/18_ピカチュウ_ハロウィン橙_顔.webp;IMG_1372/19_ピカチュウ_ハロウィン紫_顔.webp;IMG_1372/20_ピカチュウ_クリスマス_顔.webp;IMG_1372/21_ピカチュウ_船長_顔.webp
18,ライチュウ,あり,1,0,0,IMG_1372/22_ライチュウ_顔.webp,IMG_1372/22_ライチュウ_顔.webp
19,サンド,あり,1,0,0,IMG_1372/23_サンド_顔.webp,IMG_1372/23_サンド_顔.webp
20,サンドパン,あり,1,0,0,IMG_1372/24_サンドパン_顔.webp,IMG_1372/24_サンドパン_顔.webp
21,ロコン,あり,1,1,0,IMG_1372/27_ロコン_顔.webp,IMG_1372/27_ロコン_顔.webp;IMG_1372/28_ロコン_アローラ_顔.webp
22,キュウコン,あり,1,1,0,IMG_1372/29_キュウコン_顔.webp,IMG_1372/29_キュウコン_顔.webp;IMG_1372/30_キュウコン_アローラ_顔.webp
23,プリン,あり,1,0,0,IMG_1373/IMG_1373_01-01.webp,IMG_1373/IMG_1373_01-01.webp
24,プクリン,あり,1,0,0,IMG_1373/IMG_1373_01-02.webp,IMG_1373/IMG_1373_01-02.webp
25,ディグダ,あり,1,0,0,IMG_1373/IMG_1373_01-03.webp,IMG_1373/IMG_1373_01-03.webp
26,ダグトリオ,あり,1,0,0,IMG_1373/IMG_1373_01-04.webp,IMG_1373/IMG_1373_01-04.webp
27,ニャース,あり,1,0,0,IMG_1373/IMG_1373_01-05.webp,IMG_1373/IMG_1373_01-05.webp
28,ペルシアン,あり,1,0,0,IMG_1373/IMG_1373_02-01.webp,IMG_1373/IMG_1373_02-01.webp
29,コダック,あり,1,0,0,IMG_1373/IMG_1373_02-02.webp,IMG_1373/IMG_1373_02-02.webp
30,ゴルダック,あり,1,0,0,IMG_1373/IMG_1373_02-03.webp,IMG_1373/IMG_1373_02-03.webp
31,マンキー,あり,1,0,0,IMG_1373/IMG_1373_02-04.webp,IMG_1373/IMG_1373_02-04.webp
32,オコリザル,あり,1,0,0,IMG_1373/IMG_1373_02-05.webp,IMG_1373/IMG_1373_02-05.webp
33,ガーディ,あり,1,0,0,IMG_1373/IMG_1373_03-01.webp,IMG_1373/IMG_1373_03-01.webp
34,ウインディ,あり,1,0,0,IMG_1373/IMG_1373_03-02.webp,IMG_1373/IMG_1373_03-02.webp
35,マダツボミ,あり,1,0,0,IMG_1373/IMG_1373_03-03.webp,IMG_1373/IMG_1373_03-03.webp
36,ウツドン,あり,1,0,0,IMG_1373/IMG_1373_03-04.webp,IMG_1373/IMG_1373_03-04.webp
37,ウツボット,あり,1,0,0,IMG_1373/IMG_1373_03-05.webp,IMG_1373/IMG_1373_03-05.webp
38,イシツブテ,あり,1,0,0,IMG_1373/IMG_1373_04-01.webp,IMG_1373/IMG_1373_04-01.webp
39,ゴローン,あり,1,0,0,IMG_1373/IMG_1373_04-02.webp,IMG_1373/IMG_1373_04-02.webp
40,ゴローニャ,あり,1,0,0,IMG_1373/IMG_1373_04-03.webp,IMG_1373/IMG_1373_04-03.webp
41,ヤドン,あり,1,0,0,IMG_1373/IMG_1373_04-04.webp,IMG_1373/IMG_1373_04-04.webp
42,ヤドラン,あり,1,0,0,IMG_1373/IMG_1373_04-05.webp,IMG_1373/IMG_1373_04-05.webp
43,コイル,あり,1,0,0,IMG_1373/IMG_1373_05-01.webp,IMG_1373/IMG_1373_05-01.webp
44,レアコイル,あり,1,0,0,IMG_1373/IMG_1373_05-02.webp,IMG_1373/IMG_1373_05-02.webp
45,ドードー,あり,1,0,0,IMG_1373/IMG_1373_05-04.webp,IMG_1373/IMG_1373_05-04.webp
46,ドードリオ,あり,1,0,0,IMG_1373/IMG_1373_05-05.webp,IMG_1373/IMG_1373_05-05.webp
47,ゴース,あり,1,0,0,IMG_1373/IMG_1373_06-01.webp,IMG_1373/IMG_1373_06-01.webp
48,ゴースト,あり,1,0,0,IMG_1373/IMG_1373_06-02.webp,IMG_1373/IMG_1373_06-02.webp
49,ゲンガー,あり,1,0,0,IMG_1373/IMG_1373_06-03.webp,IMG_1373/IMG_1373_06-03.webp
50,バリヤード,あり,1,0,0,IMG_1374/IMG_1374_01-04.webp,IMG_1374/IMG_1374_01-04.webp
51,メタモン,あり,1,0,0,IMG_1374/IMG_1374_02-01.webp,IMG_1374/IMG_1374_02-01.webp
52,イーブイ,あり,1,2,0,IMG_1374/IMG_1374_02-02.webp,IMG_1374/IMG_1374_02-02.webp;IMG_1374/IMG_1374_02-03.webp;IMG_1374/IMG_1374_02-04.webp
53,シャワーズ,あり,1,0,0,IMG_1374/IMG_1374_02-05.webp,IMG_1374/IMG_1374_02-05.webp
54,サンダース,あり,1,0,0,IMG_1374/IMG_1374_03-01.webp,IMG_1374/IMG_1374_03-01.webp
55,ブースター,あり,1,0,0,IMG_1374/IMG_1374_03-02.webp,IMG_1374/IMG_1374_03-02.webp
56,ミニリュウ,あり,1,0,0,IMG_1374/IMG_1374_03-03.webp,IMG_1374/IMG_1374_03-03.webp
57,ハクリュー,あり,1,0,0,IMG_1374/IMG_1374_03-04.webp,IMG_1374/IMG_1374_03-04.webp
58,カイリュー,あり,1,0,0,IMG_1374/IMG_1374_03-05.webp,IMG_1374/IMG_1374_03-05.webp
59,ワニノコ,あり,1,0,0,IMG_1374/IMG_1374_05-04.webp,IMG_1374/IMG_1374_05-04.webp
60,アリゲイツ,あり,1,0,0,IMG_1374/IMG_1374_05-05.webp,IMG_1374/IMG_1374_05-05.webp
61,オーダイル,あり,1,0,0,IMG_1374/IMG_1374_06-01.webp,IMG_1374/IMG_1374_06-01.webp
62,ピチュー,あり,1,0,0,IMG_1374/IMG_1374_06-02.webp,IMG_1374/IMG_1374_06-02.webp
63,ププリン,あり,1,0,0,IMG_1374/IMG_1374_06-04.webp,IMG_1374/IMG_1374_06-04.webp
64,トゲピー,あり,1,0,0,IMG_1374/IMG_1374_06-05.webp,IMG_1374/IMG_1374_06-05.webp
65,トゲチック,不足,0,0,0,,
66,メリープ,あり,1,0,0,IMG_1377/IMG_1377_01-04.webp,IMG_1377/IMG_1377_01-04.webp
67,モココ,あり,1,0,0,IMG_1377/IMG_1377_01-05.webp,IMG_1377/IMG_1377_01-05.webp
68,デンリュウ,あり,1,0,0,IMG_1377/IMG_1377_02-01.webp,IMG_1377/IMG_1377_02-01.webp
69,エーフィ,あり,1,0,0,IMG_1377/IMG_1377_03-01.webp,IMG_1377/IMG_1377_03-01.webp
70,ブラッキー,あり,1,0,0,IMG_1377/IMG_1377_03-02.webp,IMG_1377/IMG_1377_03-02.webp
71,ヤドキング,あり,1,0,0,IMG_1377/IMG_1377_03-04.webp,IMG_1377/IMG_1377_03-04.webp
72,ヘラクロス,あり,1,0,0,IMG_1377/IMG_1377_04-03.webp,IMG_1377/IMG_1377_04-03.webp
73,ニューラ,あり,1,0,0,IMG_1377/IMG_1377_04-04.webp,IMG_1377/IMG_1377_04-04.webp
74,デルビル,あり,1,0,0,IMG_1377/IMG_1377_05-01.webp,IMG_1377/IMG_1377_05-01.webp
75,ヘルガー,不足,0,0,0,,
76,ライコウ,あり,1,0,0,IMG_1377/IMG_1377_05-04.webp,IMG_1377/IMG_1377_05-04.webp
77,エンテイ,あり,1,0,0,IMG_1377/IMG_1377_05-05.webp,IMG_1377/IMG_1377_05-05.webp
78,スイクン,あり,1,0,0,IMG_1377/IMG_1377_06-01.webp,IMG_1377/IMG_1377_06-01.webp
79,キモリ,あり,1,0,0,IMG_1377/IMG_1377_06-05.webp,IMG_1377/IMG_1377_06-05.webp
80,ジュプトル,あり,1,0,0,IMG_1378/IMG_1378_01-01.webp,IMG_1378/IMG_1378_01-01.webp
81,ジュカイン,あり,1,0,0,IMG_1378/IMG_1378_01-02.webp,IMG_1378/IMG_1378_01-02.webp
82,アチャモ,あり,1,0,0,IMG_1378/IMG_1378_01-03.webp,IMG_1378/IMG_1378_01-03.webp
83,ワカシャモ,あり,1,0,0,IMG_1378/IMG_1378_01-04.webp,IMG_1378/IMG_1378_01-04.webp
84,バシャーモ,あり,1,0,0,IMG_1378/IMG_1378_01-05.webp,IMG_1378/IMG_1378_01-05.webp
85,ミズゴロウ,あり,1,0,0,IMG_1378/IMG_1378_02-01.webp,IMG_1378/IMG_1378_02-01.webp
86,ヌマクロー,あり,1,0,0,IMG_1378/IMG_1378_02-02.webp,IMG_1378/IMG_1378_02-02.webp
87,ラグラージ,あり,1,0,0,IMG_1378/IMG_1378_02-03.webp,IMG_1378/IMG_1378_02-03.webp
88,ラルトス,あり,1,0,0,IMG_1378/IMG_1378_02-04.webp,IMG_1378/IMG_1378_02-04.webp
89,キルリア,あり,1,0,0,IMG_1378/IMG_1378_02-05.webp,IMG_1378/IMG_1378_02-05.webp
90,サーナイト,あり,1,0,0,IMG_1378/IMG_1378_03-01.webp,IMG_1378/IMG_1378_03-01.webp
91,ヤミラミ,あり,1,0,0,IMG_1378/IMG_1378_03-05.webp,IMG_1378/IMG_1378_03-05.webp
92,ゴクリン,あり,1,0,0,IMG_1378/IMG_1378_05-02.webp,IMG_1378/IMG_1378_05-02.webp
93,マルノーム,あり,1,0,0,IMG_1378/IMG_1378_05-03.webp,IMG_1378/IMG_1378_05-03.webp
94,アブソル,あり,1,0,0,IMG_1379/IMG_1379_01-01.webp,IMG_1379/IMG_1379_01-01.webp
95,タマザラシ,あり,1,1,0,IMG_1379/IMG_1379_01-03.webp,IMG_1379/IMG_1379_01-03.webp;IMG_1379/IMG_1379_01-04.webp
96,トドグラー,あり,1,0,0,IMG_1379/IMG_1379_01-05.webp,IMG_1379/IMG_1379_01-05.webp
97,トドゼルガ,あり,1,0,0,IMG_1379/IMG_1379_02-01.webp,IMG_1379/IMG_1379_02-01.webp
98,マネネ,あり,1,0,0,IMG_1379/IMG_1379_06-03.webp,IMG_1379/IMG_1379_06-03.webp
99,リオル,あり,1,0,0,IMG_1380/IMG_1380_01-01.webp,IMG_1380/IMG_1380_01-01.webp
100,ルカリオ,不足,0,0,0,,
101,マニューラ,あり,1,0,0,IMG_1380/IMG_1380_02-02.webp,IMG_1380/IMG_1380_02-02.webp
102,ジバコイル,あり,1,0,0,IMG_1380/IMG_1380_02-03.webp,IMG_1380/IMG_1380_02-03.webp
103,トゲキッス,不足,0,0,0,,
104,リーフィア,あり,1,0,0,IMG_1380/IMG_1380_02-05.webp,IMG_1380/IMG_1380_02-05.webp
105,グレイシア,あり,1,0,0,IMG_1380/IMG_1380_03-01.webp,IMG_1380/IMG_1380_03-01.webp
106,エルレイド,あり,1,0,0,IMG_1380/IMG_1380_03-02.webp,IMG_1380/IMG_1380_03-02.webp
107,ニンフィア,あり,1,0,0,IMG_1380/IMG_1380_05-03.webp,IMG_1380/IMG_1380_05-03.webp
108,デデンネ,あり,1,0,0,IMG_1380/IMG_1380_05-05.webp,IMG_1380/IMG_1380_05-05.webp
